L,g,E_exact,E_vmc_real,Var_E,Mean_Two_Point_Correlation,Var_Two_Point_Correlation,Exact_Two_Point_Correlation,Exact_Two_Point_Correlation_Variance,rel_error
12,2.0,-25.52513830204807,-25.5240704404423,0.001786075261111505,0.007513020833333334,0.19274791649712458,0.007487996769623892,0.19283452727461659,4.183568344008543e-05
12,1.98,-25.30110340946447,-25.30196465703659,0.0011404962129715574,0.008160807291666667,0.19300143507851497,0.007964415958355097,0.19350337825270827,3.4039921428713193e-05
12,1.96,-25.077414159194213,-25.077980785450784,0.0013041471757750814,0.008192545572916666,0.19402657794356348,0.008476750426968632,0.19419975786050825,2.259508308847578e-05
12,1.94,-24.85408225396202,-24.854208107820014,0.0011318312840565884,0.009305826822916667,0.19519253570172523,0.009028144407288642,0.19492524477118758,5.06370972416903e-06
12,1.92,-24.63111995517503,-24.63091935975477,0.0010091488351831315,0.010588378906250001,0.19508292746477662,0.00962205684827547,0.19568153158222595,8.143982921817579e-06
12,1.9,-24.408540118895083,-24.40872344917443,0.0008467398836785112,0.010395507812500001,0.19625640824370913,0.010262296961155397,0.19647043422863483,7.510907184762851e-06
12,1.88,-24.18635623486632,-24.18589834279497,0.000839237940404214,0.010699055989583333,0.19695828410718175,0.010953064238012839,0.1972939021746433,1.8931833588437794e-05
12,1.86,-23.964582468934047,-23.964653482060818,0.0022348719571444464,0.0114208984375,0.19749054832193588,0.011698993562461278,0.19815402942420313,2.9632532452001625e-06
12,1.84,-23.74323370923323,-23.743184854586143,0.0012888511854179073,0.011985677083333333,0.19839529753790963,0.012505206123229279,0.19905306638251205,2.0576239818558557e-06
12,1.82,-23.52232561657991,-23.522309702832136,6.926321287723157e-05,0.013787434895833334,0.19929612625704868,0.01337736694817306,0.19999343258786886,6.765380274537533e-07
12,1.8,-23.301874679558253,-23.30125332980242,0.0023894255402054,0.01545654296875,0.20029576324820525,0.014321749999432911,0.20097773031371446,2.6665226054843592e-05
12,1.78,-23.08189827486695,-23.081838718745566,0.0022186165973410604,0.015419921875,0.20207233885659115,0.015345311912841574,0.20200875901232995,2.58020898785818e-06
12,1.76,-22.862414733573033,-22.862155017454644,0.0028091107088314246,0.016512858072916668,0.20277664192451372,0.016455775628889516,0.20308953053131154,1.1359960066155018e-05
12,1.74,-22.64344341401653,-22.643778646570865,0.0010026968280099115,0.01653564453125,0.20413439581063061,0.017661725351792477,0.20422328497729667,1.4804839891407148e-05
12,1.72,-22.425004782221553,-22.42550803300168,0.0007220439506084458,0.018603515625,0.20509010712305706,0.018972714490389214,0.20541350702301053,2.2441501574458898e-05
12,1.7,-22.20712050080612,-22.207490776191843,0.001072573532380073,0.019811197916666665,0.20602353206210666,0.020399388483563183,0.20666394234615226,1.6673723444238375e-05
12,1.68,-21.989813527533517,-21.990491443183274,0.0009745919094616968,0.023196614583333334,0.20822493790520563,0.021953624696224017,0.20797861374197238,3.0828622030272305e-05
12,1.66,-21.77310822483434,-21.773067105435473,0.00125885377898244,0.024475911458333333,0.2095099792374505,0.023648691892814586,0.20936183625270435,1.8885405997531573e-06
12,1.64,-21.557030481841437,-21.556712254379818,0.0009101305278361395,0.024002278645833333,0.2108176623211967,0.025499432155168703,0.21081823038883613,1.476211957335297e-05
12,1.62,-21.34160785073086,-21.341456931723954,0.0012258954776001375,0.02688720703125,0.21239312627514204,0.02752246851019759,0.21235273215666595,7.0715856069210135e-06
12,1.6,-21.126869699459853,-21.12658322219504,0.0004687075469886798,0.02916585286458333,0.2144746025926537,0.029736441966701842,0.21397059812338187,1.3559853820606661e-05
12,1.58,-20.912847383333123,-20.9126258332748,0.0005950777721677922,0.030879720052083334,0.21597813776797717,0.032162282120641476,0.21567740310500938,1.0593969069013311e-05
12,1.56,-20.699574438235658,-20.699584091432044,0.0008565912630763076,0.03373697916666667,0.21759337005615234,0.034823515957099614,0.21747902720185713,4.663475770983897e-07
12,1.54,-20.487086798835122,-20.487072099311774,0.0004113344246077428,0.037490234375,0.219240098645952,0.037746619924466346,0.2193816277621615,7.175018826350532e-07
12,1.52,-20.275423045593648,-20.27537655590044,0.0004727509350548237,0.039502766927083335,0.2218935787141323,0.04096142073194783,0.2213915903395226,2.292908665995863e-06
12,1.5,-20.064624685045146,-20.064669905412302,0.0004104555654018372,0.04396809895833333,0.22372218821843465,0.04450155054561228,0.22351545071077966,2.253736008798186e-06
12,1.48,-19.85473646848118,-19.855371039258316,0.0006389625404658241,0.0488818359375,0.22626942028204602,0.048404962207624615,0.2257597773966936,3.1960674882022146e-05
12,1.46,-19.645806754951025,-19.645931736867787,0.00046426998199195244,0.05431070963541667,0.22824093926681416,0.052714509590766546,0.2281310007045082,6.361760467336446e-06
12,1.44,-19.437887925291182,-19.438247599998718,0.0005543156711450242,0.05861490885416667,0.23055572041140662,0.057478596947180216,0.2306351698832779,1.8503795727087963e-05
12,1.42,-19.231036854722664,-19.231234305071702,0.00045570627907144396,0.06322835286458334,0.2338268824252817,0.06275189870610835,0.23327761431952818,1.0267275266001856e-05
12,1.4,-19.02531545232482,-19.025418785383224,5.423922358002071e-05,0.06939697265625,0.2352212238146199,0.06859614702752344,0.2360624775703859,5.431345339002772e-06
12,1.38,-18.820791276279756,-18.820713061434944,0.00042412738753462174,0.07542643229166666,0.23838908681869503,0.07508097768248688,0.2389920842496472,4.155768143020821e-06
12,1.36,-18.617538234008595,-18.617648148058215,0.0002987367451602121,0.08262776692708333,0.24151656489306023,0.08228481432926904,0.24206608931212148,5.903790728859653e-06
12,1.34,-18.415637375870762,-18.415263051906656,0.0004218906432319308,0.09053466796875,0.24475513405203816,0.09029575538397515,0.2452803474104671,2.0326419144012007e-05
12,1.32,-18.21517778952518,-18.215353007261584,0.0003559193039551885,0.09807779947916667,0.24761815844376883,0.09921240433779159,0.24862542764741274,9.619326170186884e-06
12,1.3,-18.016257598677566,-18.016204724511773,0.0003378009042453413,0.10814778645833334,0.2520719599299961,0.10914455091412084,0.25208468827144176,2.934802941330138e-06
12,1.28,-17.818985063793026,-17.818956120694054,3.977611644975252e-05,0.12052408854166667,0.25577342324786717,0.12021356384356997,0.25563182063508944,1.6242843724322787e-06
12,1.26,-17.623479772103234,-17.62345049520576,5.315114305072602e-05,0.13276529947916668,0.25943446466392944,0.1325522932472883,0.2592277790487467,1.661243855005928e-06
12,1.24,-17.42987388812398,-17.429885265209595,5.22953332889915e-05,0.14724853515625,0.26250325300892197,0.14630419969005795,0.2628170444736073,6.52734821246579e-07
12,1.22,-17.238313411768733,-17.23842340603005,3.1274774669486225e-05,0.16076009114583334,0.26642453076839445,0.16162132900163362,0.2663232426980688,6.380801804174915e-06
12,1.2,-17.048959356652865,-17.04904059227556,3.1487724273643005e-05,0.17911458333333333,0.270524302842882,0.17866064471561158,0.26964427578758016,4.7648434719720604e-06
12,1.18,-16.861988714358816,-16.862043594425337,3.094052427407902e-05,0.19745117187500003,0.27324665017657807,0.19757813339901123,0.2726473580626595,3.2546615616401944e-06
12,1.16,-16.677595010806915,-16.677526380557687,4.619652641550827e-05,0.216708984375,0.2748905147022671,0.218520051861832,0.2751647006011208,4.115116668990988e-06
12,1.14,-16.495988191488472,-16.49597627553667,3.325223293929341e-05,0.24073649088541668,0.2764553929110368,0.24161075601666812,0.2769910658115896,7.223545303163125e-07
12,1.12,-16.317393502641963,-16.317392638286112,3.91774146360788e-05,0.26622395833333334,0.2774565097384982,0.2669368351272268,0.2778849651237897,5.297144122642309e-08
12,1.1,-16.14204898485901,-16.14195896627425,3.870147483623353e-05,0.2943701171875,0.27736587386396194,0.2945278840252066,0.2775757438438835,5.576651690561641e-06
12,1.08,-15.970201195776841,-15.970189274103031,4.1834877586371614e-05,0.3274365234375,0.27439393857055244,0.3243352616808411,0.2757788861068865,7.464949040889455e-07
12,1.06,-15.802098871474955,-15.802280386587517,5.50808339566878e-05,0.3553955078125,0.27198938892947305,0.35621157147758503,0.2722211419958557,1.1486772360954271e-05
12,1.04,-15.637984463435085,-15.638135866224765,6.352110604538209e-05,0.39062255859375,0.26658746506836684,0.3898950847115176,0.26667510050462356,9.68173296460512e-06
12,1.02,-15.478083867091325,-15.478195319458464,7.65958514491274e-05,0.42481038411458333,0.258820262982448,0.4250043258835756,0.2589995262908242,7.200656624989833e-06
12,1.0,-15.322595151080794,-15.32261535316502,9.466437408877172e-05,0.46182942708333335,0.24939912715488008,0.46104772891292156,0.24917785648472243,1.3184505644596212e-06
12,0.98,-15.171677586153061,-15.17177737946302,0.0001104824453685993,0.49977783203125004,0.2358793994261159,0.4974509832653529,0.23734441889450597,6.577605501567224e-06
12,0.96,-15.025442575852333,-15.025427035819739,0.0001380708303502929,0.5343953450520834,0.22305578402347034,0.5336004764920678,0.22378834248295032,1.034247910876804e-06
12,0.94,-14.883948026322873,-14.883968714393703,0.00015277997832301783,0.5699397786458333,0.20821009836991627,0.5688963143162669,0.20893000551764254,1.3899585508622923e-06
12,0.92,-14.747197186018731,-14.747177359206397,0.00019483384272437357,0.6025968424479167,0.193381765523884,0.6028048392792255,0.19327306098916944,1.344446140107357e-06
12,0.9,-14.615142146895257,-14.615137862630583,0.00017126479171064777,0.6337394205729167,0.1787424566209316,0.6349002152579867,0.17734306319283355,2.9313876194431785e-07
12,0.88,-14.48769129548572,-14.487747066373412,0.0003235589651953133,0.6551969401041667,0.16918051134480372,0.6648878584177927,0.16162757128305522,3.849535896054576e-06
12,0.86,-14.36471933605454,-14.364771731725705,0.00016997781564085247,0.6916796875000001,0.14769520382351345,0.6926078175834824,0.1465306437039614,3.6475248795024184e-06
12,0.84,-14.246078262584248,-14.24617467068747,0.00015335088337386607,0.7175748697916666,0.1323899086740282,0.7180212867953876,0.13234843207690933,6.767343365980232e-06
12,0.82,-14.131607827693534,-14.131645901251904,0.00015222764661690846,0.7418546549479167,0.11916474601891307,0.7411864467731423,0.11926556140677835,2.694212777079191e-06
12,0.8,-14.021144494312765,-14.021146121618221,0.00021152857734029948,0.76098876953125,0.10865027016467518,0.7622303045747483,0.10736707202376107,1.160608149547679e-07
12,0.78,-13.914528366146733,-13.914639881394105,0.00016239321006158723,0.7810725911458333,0.09716247802045609,0.7813218200114583,0.09665894595073946,8.014303067835639e-06
12,0.76,-13.81160802691226,-13.8117630864853,0.00012070508318498935,0.7986181640625,0.08747758271694185,0.7986494868821731,0.08709101150334063,1.1226757430210747e-05
12,0.74,-13.712243507232202,-13.712039852990056,0.00013235686628074167,0.8149039713541667,0.07813854872120748,0.8144045737973866,0.07857800498082125,1.485200011495805e-05
12,0.72,-13.616307740791838,-13.616308010674839,0.0001013850561777071,0.8290039062500001,0.07098874304029679,0.8287698590493743,0.07101664771027208,1.982057151013659e-08
12,0.7,-13.523686903200286,-13.523700611955064,0.00011530159776070191,0.8421394856770834,0.06445641435450977,0.8419129656031495,0.06429817675315726,1.0136847204898715e-06
12,0.68,-13.434279991760995,-13.43453099712613,9.646896219761404e-05,0.8542057291666666,0.058495007154676655,0.8539831646378496,0.05831671156168353,1.8683946239656847e-05
12,0.66,-13.347997938600988,-13.34817370349403,9.999924781712606e-05,0.8651749674479167,0.053092555649412995,0.8651105730505302,0.052974258789319016,1.3167884341181721e-05
12,0.64,-13.264762477614683,-13.264817324548492,9.727523918550809e-05,0.8751114908854167,0.04863435985710886,0.8754068617170675,0.04818323798609381,4.134784463831849e-06
12,0.62,-13.184504920582212,-13.184644051408611,9.395770317951495e-05,0.8850244140625,0.044012602485550785,0.8849668145734348,0.043867314679957005,1.0552601499824602e-05
12,0.6,-13.10716494491875,-13.107124692021172,0.00011261214672416479,0.8938736979166667,0.03990854047139486,0.8938702808486804,0.039961164907745546,3.0710605800609278e-06
12,0.58,-13.0326894555016,-13.03268576192102,3.606851966069498e-05,0.9020597330729166,0.03651474621494611,0.9021842241215969,0.0364096286618123,2.8340893056300724e-07
12,0.56,-12.96103155439418,-12.960870492371033,5.678197658491745e-05,0.9097029622395834,0.03326381693349944,0.9099646904407311,0.033166567005725116,1.2426636141719887e-05
12,0.54,-12.892149632779807,-12.89237505901794,6.555587619252936e-05,0.9174064127604167,0.030083410023980676,0.9172585996760443,0.03019362693240435,1.7485543106013924e-05
12,0.52,-12.826006586768434,-12.826087029445482,2.8957760394783425e-05,0.92421630859375,0.027326222307814493,0.9241053179378617,0.02745903772742824,6.271841239386959e-06
12,0.5,-12.762569151024044,-12.762591166104357,1.4418532968776596e-05,0.93085205078125,0.02470505200425784,0.9305380021917755,0.02493650723232537,1.72497246070886e-06
12,0.48,-12.701807339865404,-12.701799670987238,2.461109296838808e-05,0.9371020507812501,0.022351085397269987,0.9365847275127619,0.02260424991797451,6.03762752826578e-07
12,0.46,-12.643693983494456,-12.643724757180571,7.525870705777598e-06,0.9425406901041667,0.020304113470183485,0.9422694175314238,0.020444155737286432,2.433915765052499e-06
12,0.44,-12.588204346495283,-12.588029799350334,2.3129653806676098e-05,0.9476106770833334,0.01844513749016656,0.9476126029032509,0.01844109511863914,1.3865928781005237e-05
12,0.42,-12.535315816160631,-12.53525351169246,1.733206344596431e-05,0.9524780273437501,0.016642215500275295,0.9526320333721753,0.01658234807429477,4.970314995257209e-06
12,0.4,-12.485007649154038,-12.484986038626085,4.614299716827625e-06,0.9572639973958333,0.014918425748083327,0.9573431677142613,0.014857142026468238,1.7309182790337595e-06
12,0.38,-12.43726076624316,-12.437286854614612,1.8284768342521763e-06,0.9616544596354166,0.013293888197342556,0.9617595635075161,0.013256282082047951,2.0975978507476375e-06
12,0.36,-12.392057586172616,-12.392069310197185,2.7772157498916908e-06,0.9659659830729167,0.011764048973057007,0.9658931858867472,0.011771858096336432,9.46091840472941e-07
12,0.34,-12.349381891073469,-12.349403620235863,3.530628579904789e-06,0.9698323567708335,0.010399049586719937,0.9697546515764727,0.010397014285587739,1.7595344112275934e-06
12,0.32,-12.309218717059283,-12.309226832363056,1.94156560025045e-06,0.9733675130208334,0.009150194144248964,0.973353421763698,0.009125768943074498,6.592866663206672e-07
12,0.3,-12.271554264799724,-12.271579776758154,4.7327186562299546e-06,0.9769059244791666,0.007883547356393602,0.9766979548908258,0.00795287371102423,2.0789508712386423e-06
12,0.28,-12.236375825868599,-12.236360575137514,8.455621465477345e-07,0.9800325520833333,0.00680019425286187,0.9797958282695461,0.006873703694254256,1.2463437951016825e-06
12,0.26,-12.20367172153183,-12.203648123592973,3.4114806360993933e-06,0.9828857421875,0.00580519245730506,0.9826538355532826,0.005884171376260146,1.9336753228683437e-06
12,0.24,-12.17343125136946,-12.173432048553877,1.5553540308751787e-06,0.9855436197916667,0.00490386029349433,0.9852780655486191,0.004980658767935371,6.54855974106352e-08
12,0.22,-12.145644649728867,-12.14566261806647,2.779647915432718e-06,0.9877604166666667,0.004156833224826389,0.9876739665719759,0.004159963466136081,1.4794058382065528e-06
12,0.2,-12.120303048491566,-12.120305379317504,5.321884439812624e-07,0.9898763020833333,0.0034191036224365226,0.9898463995354635,0.003419255328806159,1.9230756262988105e-07
12,0.18,-12.097398445019211,-12.097430098465283,5.810238132510336e-07,0.9917431640625001,0.0027855572991900973,0.9917996821416083,0.0027560413006073345,2.616549848805513e-06
12,0.16,-12.076923674443211,-12.07689965609432,4.09402399997905e-06,0.9934537760416666,0.0021956452157762315,0.9935376259463161,0.0021681365714252524,1.9887803831047005e-06
12,0.14,-12.058872385684948,-12.058894218961287,3.5285000935671e-07,0.9950439453125001,0.001661092903878954,0.9950635675798395,0.0016536407462229225,1.8105570438564018e-06
12,0.12,-12.043239020762389,-12.043221273706731,5.316908717111969e-06,0.9964078776041667,0.0012012893650266863,0.996380395066997,0.0012109180749432606,1.4736115115991148e-06
12,0.1,-12.03001879705917,-12.030034730562875,3.6600682546083655e-06,0.9973697916666667,0.0008812113444010418,0.9974905699333773,0.0008385810612106957,1.3244787038808286e-06
12,0.08,-12.019207692318831,-12.019216476658112,9.888928578666944e-08,0.9983040364583333,0.000566785165998671,0.9983961456005971,0.000535476962160312,7.308584314154859e-07
12,0.06,-12.010802432190085,-12.010804892039392,1.72767547448178e-07,0.9990421549479166,0.0003210768904950885,0.9990987824421674,0.0003006768280398278,2.048030779995388e-07
12,0.04,-12.004800480192113,-12.004783909012504,1.999363670662658e-06,0.9995857747395833,0.00013898857368363274,0.9995997597757533,0.000133466826882077,1.3803794270718614e-06
12,0.02,-12.001200030003002,-12.001191072601175,1.6680517303645676e-07,0.9999031575520833,3.227143751250372e-05,0.9998999849965001,3.334166916542832e-05,7.463755127903145e-07
12,0.0,-12.000000000000005,-12.0,0.0,0.9999682617187501,1.0578419764836632e-05,1.000000000000001,-9.86864910777917e-16,4.440892098500624e-16
12,1.05,-15.719528541526987,-15.719716906482427,5.781321248361521e-05,0.37318359375000004,0.2701187709808349,0.3728484928791354,0.26970798918092165,1.1982862904705543e-05
12,1.048,-15.703136719246633,-15.703179774077551,5.8124996180504204e-05,0.3761751302083334,0.2697352184613546,0.37622657961960493,0.26914356250577387,2.741798131674869e-06
12,1.046,-15.686786177650989,-15.686911697450503,6.451713508720593e-05,0.37951009114583334,0.2688274509615368,0.3796206885377644,0.26855818414526644,8.00162621538626e-06
12,1.044,-15.670477140616631,-15.670465880795645,5.833255911525821e-05,0.3846028645833333,0.26791993776957196,0.3830304191430624,0.26795172444780996,7.185372140025133e-07
12,1.042,-15.654209829582877,-15.654239211286622,5.5616883245837245e-05,0.3887158203125,0.2666566299623913,0.38645535916961166,0.26732406529793906,1.8769202703564198e-06
12,1.038,-15.621801258388233,-15.621739594801781,6.570007573144894e-05,0.3925349934895834,0.2664292454659939,0.3933491603766764,0.2660047361796931,3.947277617489084e-06
12,1.036,-15.60566042787081,-15.605642285658455,7.231944227770393e-05,0.3961466471354167,0.26581604359878436,0.3968171394593106,0.2653128911051449,1.1625405049972575e-06
12,1.034,-15.589562182408308,-15.589577647730287,5.867483831618493e-05,0.400546875,0.26447431030273433,0.40029856413110315,0.2645994970882229,9.920305521435622e-07
12,1.032,-15.573506729507907,-15.573365910165126,7.585767406980312e-05,0.40395833333333336,0.2639541666666667,0.4037929656515338,0.2638644993029029,9.042237257553618e-06
12,1.03,-15.557494273542838,-15.557375244952635,7.036362398520517e-05,0.40837972005208334,0.26291160537865427,0.4072998645968773,0.2631078566167528,7.650884397634709e-06
12,1.028,-15.541525015637893,-15.541631993289077,6.715846774688941e-05,0.4120027669270834,0.2621365867978997,0.41081877110827364,0.26232954190186564,6.883343241804467e-06
12,1.026,-15.525599153556103,-15.525545329126427,5.8142796091709115e-05,0.4160791015625,0.2612526387082206,0.41434918515874664,0.26152954232870124,3.4668181977127255e-06
12,1.024,-15.509716881585623,-15.50973424488306,6.561629452555843e-05,0.41943684895833333,0.2603140491803487,0.4178905968389042,0.26070785964170656,1.1195109213699043e-06
12,1.022,-15.493878390428673,-15.494067482069863,7.917477335364842e-05,0.42305419921875,0.25906903558240996,0.4214424866613777,0.2598645104155373,1.2204280711686213e-05
12,1.018,-15.462333494775136,-15.462436647009717,7.200254705449245e-05,0.42845703125,0.2576686044904921,0.42857557684871184,0.2581129541883361,6.671194526778751e-06
12,1.016,-15.446627452770183,-15.446441455427616,8.711218694784649e-05,0.4316585286458334,0.2574122340917588,0.432155693344546,0.2572048565005976,1.2041291416942192e-05
12,1.014,-15.430965916350681,-15.430929665090954,7.866005249575824e-05,0.43855957031250004,0.2552886586692598,0.4357441209796406,0.2562753112599062,2.3492540858366812e-06
12,1.012,-15.415349056671836,-15.415384837642138,7.582186504011702e-05,0.4407275390625,0.2547419837077459,0.4393402975765794,0.2553244122818553,2.3211261821364045e-06
12,1.01,-15.399777040669468,-15.39988096570989,8.156871478685842e-05,0.44318359375,0.25466740379333497,0.4429436535816746,0.25435226928348964,6.748476951826567e-06
12,1.008,-15.384250030962104,-15.384075088006444,8.262717567725518e-05,0.4464217122395833,0.25390779590010637,0.4465536124906951,0.2533590079752375,1.1371562169594637e-05
12,1.006,-15.368768185755503,-15.368963748512412,8.296431108109646e-05,0.4508365885416667,0.2521473035918342,0.45016959128985484,0.2523447701259477,1.272468649052152e-05
12,1.004,-15.353331658749955,-15.353438381969521,7.395536198399012e-05,0.45410400390625,0.2512464221258958,0.4537910009114647,0.25130971360032195,6.951144021291021e-06
12,1.002,-15.337940599050599,-15.338139447849592,8.792097240368942e-05,0.45916259765625006,0.24979335257675914,0.4574172467036019,0.2502540123681268,1.2964504439749925e-05
12,0.998,-15.30729545449889,-15.307273759088059,0.00010258503124177155,0.46605224609375,0.2480852887199985,0.464681843179809,0.24808145204246823,1.4173248890310206e-06
12,0.996,-15.292041644118274,-15.29213182818881,9.300957505205032e-05,0.46974283854166665,0.24696319341659548,0.4683189810450723,0.24696502109264015,5.897451277844715e-06
12,0.994,-15.276833849830899,-15.276967529985267,9.80665366357699e-05,0.47191162109375,0.24679188064403002,0.47195853046713526,0.24582880153767958,8.750514385531563e-06
12,0.992,-15.26167219653491,-15.261838352215012,0.00010581488117569738,0.47498128255208333,0.24552477992309457,0.4755998763489391,0.24467304699355014,1.0887121539639295e-05
12,0.99,-15.24655680406559,-15.246584631101069,0.00010192649596380166,0.47947265625,0.24386031218634707,0.4792424010733703,0.24349802662222939,1.8251357232350809e-06
12,0.988,-15.231487787130835,-15.231573483802318,0.00010065490746759536,0.48473388671875,0.24150902477833958,0.4828854850463367,0.2423040249343306,5.626283701314423e-06
12,0.986,-15.216465255250293,-15.21648908810469,0.00010859630098987296,0.48719482421875004,0.24080499448710016,0.4865285072462982,0.24109134156205295,1.566254317133923e-06
12,0.984,-15.201489312699032,-15.20162891192094,8.920213325294931e-05,0.4904890950520833,0.23946846195790508,0.4901708457793312,0.2398602910026315,9.183259550221032e-06
12,0.982,-15.186560058455328,-15.186698307398721,9.893778598567295e-05,0.4971728515625,0.23696520601643456,0.4938118784383005,0.2386112023327935,9.103374487804198e-06
12,0.978,-15.156841984038577,-15.156906251598265,0.00012369960949181271,0.5026163736979167,0.23534797229700619,0.5010875391162419,0.2360602979527267,4.240168219469864e-06
12,0.976,-15.142053334932205,-15.14229097918747,0.00011731484140368217,0.5072802734375,0.23293853407700857,0.5047209262255882,0.23475921032568564,1.569432163577682e-05
12,0.974,-15.12731171619425,-15.127070704823375,0.00010607724323450138,0.5098274739583334,0.23260090339448716,0.5083505267716516,0.23344153998857228,1.5932201001506037e-05
12,0.972,-15.112617199696201,-15.112565836056717,0.00013082562391170433,0.51307373046875,0.23164494128690827,0.5119757254395108,0.23210768365143608,3.3987256346911084e-06
12,0.97,-15.097969851796346,-15.098050733404087,0.00011880763053829885,0.5144254557291666,0.23140594702561698,0.5155959099816125,0.23075805031216623,5.357118111518873e-06
12,0.968,-15.083369733320218,-15.083279619388922,0.00010794735156373768,0.51862060546875,0.23015566020475495,0.5192104717741283,0.22939306078577884,5.974389867104741e-06
12,0.966,-15.068816899546423,-15.068884849750976,0.00012344787484531853,0.5216088867187499,0.22909848570227614,0.5228188063683422,0.22801314721092877,4.509325782231999e-06
12,0.964,-15.054311400196905,-15.054257611833629,0.00011992118451455063,0.5258194986979167,0.22755058438976608,0.5264203140356317,0.2266187525349772,3.572954075839926e-06
12,0.962,-15.039853279432247,-15.040007963646975,0.00010009249739245207,0.5316910807291667,0.22396854866610635,0.530014400305012,0.2252103299788341,1.0284955036050121e-05
12,0.958,-15.01107932250109,-15.010922423876167,0.00013016442638677674,0.5377303059895834,0.22161299085021022,0.5371779602181489,0.2223532621358673,1.0452188117301693e-05
12,0.956,-14.996763546877252,-14.996622139362385,0.0001192314339091129,0.5412060546875,0.22074943518903523,0.5407462759188411,0.22090556958677818,9.429202135870061e-06
12,0.954,-14.98249527094906,-14.982619606990061,0.00011256605979265797,0.5446801757812499,0.2199231697393788,0.544304855340585,0.21944575344362846,8.298753895948369e-06
12,0.952,-14.968274511174336,-14.968223262767133,0.00012401640734879468,0.5471541341145834,0.21898308485812612,0.547853138024465,0.21797430965834844,3.4238019328825194e-06
12,0.95,-14.95410127852542,-14.95434609080803,0.00013975060871752594,0.5501529947916667,0.21776788023842705,0.5513905717762447,0.21649174090078155,1.6370912437437137e-05
16,2.0,-34.03342499269476,-34.033269351522904,0.0019704532737719552,0.0009033203125,0.14438700139522553,0.0016338910785191614,0.14465977021953536,4.5731856811821525e-06
16,1.98,-33.73470143836078,-33.73595361780957,0.002350675511484935,0.0012841796875,0.14504107549190523,0.0017732718663992304,0.1451658665035359,3.7118438741155615e-05
16,1.96,-33.436437476426924,-33.436791879888034,0.0026951070644435074,0.00175537109375,0.1460809030473232,0.001926217973194869,0.14569325191795943,1.059931882275008e-05
16,1.94,-33.138648543872534,-33.137804384363406,0.0024191272158197727,0.0020416259765625,0.14636713913641872,0.0020942180913225234,0.1462432112943736,2.5473564741508008e-05
16,1.92,-32.841350799058084,-32.84238844583742,0.0020997026966656247,0.002677001953125,0.14685440592616797,0.002278943428534146,0.14681713202210783,3.159573994646957e-05
16,1.9,-32.54456116616812,-32.54514891315921,0.002110517690143816,0.0024346923828125,0.14800417359136045,0.002482272520427909,0.147416514233386,1.8059760833343082e-05
16,1.88,-32.24829738317706,-32.24902852372499,0.0020377253103174044,0.0036285400390625,0.1481098500546068,0.0027063197603381167,0.1480429821826594,2.2672221706455887e-05
16,1.86,-31.95257805369664,-31.951807781260577,0.0019075432946364973,0.0041192626953125,0.14866848699711263,0.0029534682570599253,0.1486982969770348,2.4106738265990278e-05
16,1.84,-31.65742270310769,-31.656952529881384,0.0022746707717765215,0.0025885009765625002,0.14983354014120998,0.003226407740152246,0.14938437083629696,1.4851911057869529e-05
16,1.82,-31.362851839435006,-31.362945024968944,0.0028448681613315275,0.0023919677734375,0.1492665868397802,0.0035281783631123777,0.15010328308532817,2.971207287372445e-06
16,1.8,-31.06888701948241,-31.068101847262007,0.003301737515928019,0.0034466552734375,0.1507127604600042,0.003862221410830271,0.15085729810888332,2.5271977715564525e-05
16,1.78,-30.775550920825225,-30.776196681248837,0.0020309032136878627,0.0052587890625,0.15164898087978365,0.004232438104937587,0.15164888552876765,2.0982903775592705e-05
16,1.76,-30.482867420337705,-30.48242409172468,0.001177942084891088,0.005350341796875,0.15285589532703162,0.0046432579255097995,0.15248074289623942,1.4543533812303706e-05
16,1.74,-30.190861680039447,-30.190909767115663,0.0011300545816594796,0.0053631591796875,0.1533386986818165,0.00509971813812598,0.15335582122758953,1.592769253348473e-06
16,1.72,-29.899560241165062,-29.898881771850284,0.0007394124176694399,0.0046295166015625005,0.154351889109239,0.005607556541523821,0.1542773537473096,2.269161517110822e-05
16,1.7,-29.608991127506588,-29.6099122639469,0.000967916469774237,0.005228271484375,0.15545972572416067,0.0061733198449880605,0.15524888823943112,3.111002453088354e-05
16,1.68,-29.319183959254637,-29.319316500520216,0.0009091278640564592,0.0063043212890625,0.15616066446863117,0.006804490561235603,0.1562743234407277,4.520632830811988e-06
16,1.66,-29.030170078769963,-29.030313889449022,6.800437680011911e-05,0.006788330078125,0.15696777355521918,0.00750963587769647,0.1573579499349397,4.953835222777833e-06
16,1.64,-28.741982689978638,-28.741678391075112,0.0015732052082105832,0.0074304199218750006,0.15866396610587835,0.008298582669203726,0.15850449601809655,1.0587262083067398e-05
16,1.62,-28.45465701338491,-28.455040215462944,0.0008122190076528578,0.0090826416015625,0.15965246045552195,0.009182623664536694,0.1597191789903189,1.3467112882555777e-05
16,1.6,-28.16823045908227,-28.168421867873985,0.0006751201351461568,0.0096551513671875,0.16162812204621735,0.010174760810561007,0.16100776227283414,6.795201139537446e-06
16,1.58,-27.882742820598757,-27.88224059432978,0.000510817406597124,0.010545654296875,0.1622166700348258,0.011289993128913376,0.16237661862514563,1.801208267813425e-05
16,1.56,-27.59823649298879,-27.598601240900752,0.0005298422527941751,0.0120050048828125,0.16417488010190429,0.01254565787640171,0.1638327995090327,1.3216348517612702e-05
16,1.54,-27.31475671928321,-27.314909445957454,0.0004608510565674024,0.0146197509765625,0.16475925482474268,0.013961835652795532,0.1653841102572243,5.5913613221546306e-06
16,1.52,-27.032351870283627,-27.032210806372458,0.0004416476644608221,0.017625732421875002,0.1667074609979987,0.015561832304648075,0.1670391900719331,5.218336600746917e-06
16,1.5,-26.751073763765476,-26.750897765414265,0.0005663369644073729,0.01702880859375,0.16837334975600243,0.01737275310919042,0.1688075948783238,6.5791135251016965e-06
16,1.48,-26.470978030497303,-26.47119987815939,0.0004937597888934688,0.0187567138671875,0.17014028163217007,0.019426187838808964,0.1706998795074708,8.380788266701517e-06
16,1.46,-26.192124536152342,-26.192159871768816,0.0004483953651828977,0.020516357421875,0.17244101755470034,0.021759028933864718,0.1727276733126533,1.3490931758879561e-06
16,1.44,-25.91457787024943,-25.914872153504987,0.0006692163510174747,0.02172119140625,0.17354460830092427,0.024414449128935173,0.17490373973512338,1.135589616892747e-05
16,1.42,-25.638407915814927,-25.638443811546747,0.0004327608691408941,0.0265606689453125,0.17695032310150566,0.027443069366022275,0.1772420049508209,1.4000764765776605e-06
16,1.4,-25.363690516582107,-25.363675723064805,0.0004677938037914326,0.030167236328125,0.17952267711013556,0.0309043523846827,0.17975753270581038,5.832557092649362e-07
16,1.38,-25.09050826233284,-25.090665642497623,0.00028648455189829154,0.0339794921875,0.1829167442083359,0.034868261372523864,0.18246641057633087,6.272498075266853e-06
16,1.36,-24.81895141749584,-24.818982214521967,0.00020432449105191954,0.039122314453125,0.18517934441417455,0.03941722529102816,0.18538549546172725,1.2408673359909104e-06
16,1.34,-24.549119023326966,-24.54915935468452,0.00040240325192915794,0.043062744140625,0.18845108102411032,0.0446484508017899,0.1885319407838061,1.6428841098081897e-06
16,1.32,-24.28112020971955,-24.281272123956,0.00042173074834666983,0.04902587890625,0.19216494464278225,0.050676611357549556,0.1919223915172731,6.256475613096651e-06
16,1.3,-24.015075758453026,-24.014845791739933,0.0003950285490139431,0.0572662353515625,0.19572555265389383,0.05763692067235495,0.19557168199087302,9.575931194461308e-06
16,1.28,-23.751119964378315,-23.751181631712242,0.00033960940059209177,0.06476501464843751,0.1991210751529783,0.06568855009779222,0.19949080130608476,2.596396886538645e-06
16,1.26,-23.48940284260084,-23.489154768671288,0.000287189198466859,0.0738702392578125,0.20278095020316542,0.07501826099327358,0.20368379936301304,1.0561099880388781e-05
16,1.24,-23.230092724334654,-23.23031278884475,9.424204257324012e-05,0.0848736572265625,0.2078100426312536,0.08584396901890465,0.2081431947894396,9.473251472004174e-06
16,1.22,-22.973379265205878,-22.973390450466248,8.577701903623105e-05,0.0969879150390625,0.21241783774457873,0.0984177016773068,0.2128433289027573,4.868791935374264e-07
16,1.2,-22.719476846659013,-22.71948954986874,0.00010934798525459837,0.1119036865234375,0.2171929885264486,0.11302700730553446,0.21773102878567682,5.591330210872501e-07
16,1.18,-22.468628267257827,-22.468674564894318,0.00010901247215975982,0.12988525390625,0.22181390284895897,0.12999327518138126,0.2227129919416869,2.060545750282593e-06
16,1.16,-22.22110847294644,-22.221191217401646,0.00012993452266926307,0.149840087890625,0.2265994617328048,0.149664610885533,0.22763966880868414,3.7236871106848673e-06
16,1.14,-21.977227836064124,-21.97732481091007,0.00015419930996969072,0.1722552490234375,0.23182059134207667,0.1723999503317687,0.23228640731895403,4.412514929943223e-06
16,1.12,-21.73733413961014,-21.73751634264132,0.00019435792264242195,0.198675537109375,0.23661079462617637,0.19854028373783422,0.23633465738873038,8.382032038049296e-06
16,1.1,-21.50181196386548,-21.50156079087683,0.00022692255684859697,0.2290087890625,0.23910435197353366,0.22836290253107638,0.2393594634325491,1.1681480103793547e-05
16,1.08,-21.271077693516684,-21.27081146198296,0.00025220690001471937,0.263455810546875,0.2412990437015891,0.2620167453869972,0.24083403126540695,1.2516128122955843e-05
16,1.06,-21.04556809575919,-21.04525935469428,0.0003062023337818793,0.2998046875,0.24091548919677735,0.29944282437378933,0.24016593153831012,1.4670122636015972e-05
16,1.04,-20.825720776175086,-20.826047440946567,0.0003768881367207292,0.3401397705078125,0.23831448852084577,0.34029418551745194,0.23677797077928694,1.5685640607233983e-05
16,1.02,-20.611946290717583,-20.61199836543252,0.00040212380905046806,0.3849432373046875,0.23093537275455894,0.3838825307636442,0.2302337976960421,2.526433661438094e-06
16,1.0,-20.404594474756678,-20.404266642435687,0.00044590753043800585,0.430311279296875,0.21985234451144933,0.4291856580037816,0.2203818869918355,1.606659330558028e-05
16,0.98,-20.203920969723356,-20.204216384708413,0.0004976231060583599,0.4746038818359375,0.20628695246540013,0.47494000894345423,0.20746277361563037,1.4621666037006274e-05
16,0.96,-20.01006220398964,-20.00994587944355,0.000476413812053746,0.5186041259765625,0.1919422470923513,0.5198111460509504,0.19211857013945616,5.813302572761061e-06
16,0.94,-19.823026190189818,-19.823412882410484,0.0005929434720227054,0.5617816162109375,0.1749243343885988,0.5625953205620073,0.1752800873461528,1.950722442453421e-05
16,0.92,-19.6427019663221,-19.642623218429797,0.0003871569700441064,0.60202392578125,0.1583002250134945,0.602385132040224,0.15796974563549104,4.009015278957783e-06
16,0.9,-19.468884432833235,-19.468916656902728,0.000526076111229535,0.638131103515625,0.14061797939389944,0.6386492204578008,0.14110131637998619,1.6551574695479643e-06
16,0.88,-19.30130704293955,-19.301263534683095,0.00047253442829861715,0.670931396484375,0.12463225017637015,0.6712179886974021,0.1253480847537803,2.2541611486109903e-06
16,0.86,-19.139674203587457,-19.139734729629055,0.00042022652826480744,0.6989910888671875,0.11125200333856046,0.7002044657784465,0.1111038957554864,3.162333953730369e-06
16,0.84,-18.983687686485812,-18.98365263812739,0.0003965669654072444,0.72430908203125,0.09939582390189172,0.7259019880704556,0.0985168702801823,1.8462355155813824e-06
16,0.82,-18.833064764742772,-18.83272650622879,0.0003281569275404015,0.7475463867187501,0.08820107206702232,0.7486911212331715,0.0875578499485703,1.7960885188177715e-05
16,0.8,-18.68754847393491,-18.68770824519452,0.00030430694237606765,0.769002685546875,0.07812797264903784,0.768971244757795,0.07809170045708869,8.54961044428647e-06
16,0.78,-18.546911759582954,-18.54731723523655,0.00041535853549635527,0.7883880615234375,0.06896504691801965,0.787118527556254,0.06993445222740735,2.1862165456610894e-05
16,0.76,-18.4109575556277,-18.411338492355718,0.00025625808895119394,0.8035156250000001,0.06303176879882813,0.8034650469599842,0.06289179187280769,2.0690761296182727e-05
16,0.74,-18.279516535551068,-18.279841595276885,0.00020471313108181682,0.81824462890625,0.056937214082479475,0.8182920964331009,0.056781248504301884,1.778273102492161e-05
16,0.72,-18.15244378902249,-18.152375962496734,0.0001897880071609468,0.8320367431640625,0.051467146843299276,0.8318317006324015,0.05144265671156212,3.736495567537309e-06
16,0.7,-18.029615219954472,-18.029911156444356,0.0001953098759499487,0.8433929443359375,0.046948686903342605,0.844272115759646,0.04674126275926793,1.641391046197758e-05
16,0.68,-17.91092411485977,-17.911239367746454,0.00015260965840361201,0.8552886962890626,0.04280146694742143,0.8557647063472631,0.0425667619680381,1.7601151378963285e-05
16,0.66,-17.79627809761887,-17.796373919625985,0.00011483028591499845,0.8658184814453125,0.03926109766624868,0.8664307674104856,0.03883042993806918,5.384384678029802e-06
16,0.64,-17.685596544615617,-17.68567005551653,0.00017965679593440743,0.8763659667968751,0.03564632749408484,0.8763676156177737,0.03546163136675862,4.156540647407496e-06
16,0.62,-17.57880845499352,-17.578814494085748,8.738119462149405e-05,0.8859185791015625,0.032247117638215424,0.885653711653616,0.03240439431980591,3.435438893736896e-07
16,0.6,-17.4758507316927,-17.47623270432159,0.00029063493308717763,0.89433837890625,0.029516163820028307,0.8943528074332544,0.029614369703169108,2.185716934498466e-05
16,0.58,-17.37666681369428,-17.376789893200623,9.28216908180771e-05,0.9023883056640625,0.026965029638633134,0.902517219135882,0.027056285222727516,7.083033107819006e-06
16,0.56,-17.281205597922735,-17.28123693894653,5.5092502801978255e-05,0.910130615234375,0.0245977490529418,0.9101903650800613,0.02470189247684429,1.813590123569186e-06
16,0.54,-17.189420593986235,-17.18927288979772,6.678641091062522e-05,0.9172369384765625,0.022527259289845825,0.9174087098164867,0.022528354421102237,8.592738056890448e-06
16,0.52,-17.10126926253653,-17.10136232936071,4.5315869205579504e-05,0.924017333984375,0.020595347844064235,0.9242032417425541,0.02051700218641339,5.442100393407657e-06
16,0.5,-17.016712496347395,-17.016779288695943,0.00012119526123953635,0.9303399658203125,0.018687671288475396,0.9306005915465589,0.018652389288453808,3.92510295759788e-06
16,0.48,-16.935714211132535,-16.93576252333034,3.558504050628852e-05,0.936400146484375,0.01697556644529104,0.9366238782260163,0.01692157845105302,2.8526814519125407e-06
16,0.46,-16.858241020115745,-16.858259799855475,2.1100785328566755e-05,0.942041015625,0.015399301052093506,0.942293350772524,0.015313606478439601,1.1139797863321356e-06
16,0.44,-16.784261972262193,-16.784304985979396,3.429067583030532e-05,0.9475396728515625,0.013860310315713288,0.9476268778032739,0.0138190831699746,2.5627410531515293e-06
16,0.42,-16.71374833888152,-16.71383792555189,1.7707618650664942e-05,0.9526336669921875,0.012460867753252388,0.952640324578881,0.012429889889437717,5.36005859090629e-06
16,0.4,-16.646673437115062,-16.646708924282574,1.5810743779273522e-05,0.9573712158203125,0.011144975480064752,0.9573478467371583,0.011138951567707833,2.1317873295330333e-06
16,0.38,-16.583012481772737,-16.583144806520938,3.869131728103768e-05,0.9620062255859375,0.009853927939757706,0.9617621223006988,0.009940062538260186,7.979536187771621e-06
16,0.36,-16.52274245922643,-16.522686921688145,1.2895270087523311e-05,0.966004638671875,0.008829361794888975,0.9658945376601769,0.008827751790733807,3.361278457305265e-06
16,0.34,-16.46584201874081,-16.46587490827118,1.6094838667182676e-05,0.9698199462890625,0.007804832082614302,0.9697553388974147,0.0077971771806801815,1.997439932488724e-06
16,0.32,-16.412291377855922,-16.41225961505552,1.2186127332963673e-05,0.973126220703125,0.006939848326146603,0.9733537566477846,0.00684404107677461,1.9353056604224472e-06
16,0.3,-16.362072239329542,-16.36212203201012,1.0349218249253114e-05,0.97648193359375,0.006050294107198715,0.9766981104221666,0.0059645220757621464,3.043176918515402e-06
16,0.28,-16.315167717786952,-16.31513057491786,8.973658189562206e-06,0.979647216796875,0.005208322809636592,0.9797958966845975,0.005155218957125118,2.276585183540212e-06
16,0.26,-16.271562274686577,-16.27156820019769,7.783693431442045e-06,0.9824871826171875,0.004466097858175635,0.9826538638337846,0.004413104139601054,3.6416362575624056e-07
16,0.24,-16.231241660531303,-16.231181531497207,4.34956168346316e-06,0.9852862548828125,0.0037500279214233156,0.9852780764275069,0.0037354846647688067,3.7045246047258697e-06
16,0.22,-16.194192863489075,-16.194203279458797,7.39293231081717e-06,0.9875878906250001,0.003156181240081787,0.987673970418639,0.0031199692631195264,6.431916558047071e-07
16,0.2,-16.160404063754203,-16.160386350256342,7.402705310448578e-06,0.9898175048828125,0.0025780489709228277,0.9898464007659575,0.002564440426820136,1.0961048864565663e-06
16,0.18,-16.129864593103466,-16.12985039251449,2.2608885944417846e-06,0.9919354248046875,0.002032283183559775,0.9917996824903234,0.0020670306716635833,8.803910840650074e-07
16,0.16,-16.102564899195244,-16.10259057999967,1.1350251207298196e-05,0.993712158203125,0.001582472322881222,0.9935376260314164,0.0016261023542997188,1.5948269476175706e-06
16,0.14,-16.078496514233994,-16.07851682455041,3.282593086385917e-06,0.9951580810546875,0.001218163486942649,0.9950635675970255,0.0012402305446462814,1.2631974884829185e-06
16,0.12,-16.057652027681215,-16.05768583393457,7.853643133780438e-06,0.9964605712890625,0.0008872832354158164,0.9963803950697093,0.000908188553835898,2.1053048912461482e-06
16,0.1,-16.040025062745347,-16.04004686774688,6.698450193852563e-07,0.9975567626953126,0.0006115537848323585,0.9974905699336832,0.0006289357956380526,1.3594119366304464e-06
16,0.08,-16.02561025642509,-16.025636803824817,8.743614951425894e-07,0.998447265625,0.00038851919174194343,0.9983961456006167,0.00040160772160235947,1.6565609235855568e-06
16,0.06,-16.01440324292009,-16.014404315037446,2.439955457642662e-07,0.999122314453125,0.00021987175792455673,0.9990987824421669,0.000225507621030685,6.69470688609497e-08
16,0.04,-16.006400640256178,-16.006392183263593,8.406853633952172e-06,0.9995928955078125,0.00010252591632306578,0.9995997597757543,0.00010010012016048453,5.283506751710247e-07
16,0.02,-16.00160004000403,-16.001869857201,0.0001220135949567193,0.9998492431640625,3.797165714204312e-05,0.9998999849965018,2.500625187074057e-05,1.686188857977121e-05
16,0.0,-15.999999999999996,-16.0,0.0,0.999993896484375,1.5258416533470155e-06,0.9999999999999996,4.440892098500626e-16,2.2204460492503136e-16
16,1.05,-20.934909980112835,-20.9351194963725,0.000322943388255062,0.32048095703125,0.23869973205924033,0.31947507131233954,0.2388442132859312,1.0007984742473793e-05
16,1.048,-20.91295297295586,-20.913163366809954,0.00031021056506849764,0.3227178955078125,0.23878330518268048,0.32357873536778303,0.23849231919779207,1.0060456520198697e-05
16,1.046,-20.891055143493247,-20.891105502477398,0.0003442095948912624,0.3276361083984375,0.23920227944813668,0.32771323937894936,0.23811015698410704,2.410552449593162e-06
16,1.044,-20.869216899745748,-20.86936408865376,0.00033379483016891874,0.3310723876953125,0.23915007679127157,0.3318778406800875,0.23769730516449972,7.0529195570678376e-06
16,1.042,-20.847438644744734,-20.847236325695544,0.00033481203919478943,0.335499267578125,0.23851049291938545,0.33607176076596784,0.2372533667483825,9.70474371639112e-06
16,1.038,-20.804063686015116,-20.80395726964821,0.00036031085361284694,0.3440533447265625,0.237632392418012,0.34454426551635836,0.23627077385990847,5.115172137226012e-06
16,1.036,-20.782467760175653,-20.782433516683408,0.0003305248905411628,0.349097900390625,0.237148905454576,0.3488211164520556,0.23573146165069161,1.6477105914282121e-06
16,1.034,-20.7609333781386,-20.760993251784676,0.00031167111008036444,0.3530029296875,0.23513655126094818,0.35312381962164013,0.23515975033459408,2.8839573340027214e-06
16,1.032,-20.739460912595852,-20.739567526990083,0.000305556525894927,0.3564404296875,0.23412453649044035,0.35745142252546946,0.23455538804050335,5.140654073875614e-06
16,1.03,-20.718050729088933,-20.71887461156235,0.00030943722508487654,0.3607562255859375,0.2336929889138788,0.36180293955885706,0.23391815621774187,3.976640873163474e-05
16,1.028,-20.6967031856513,-20.69637768381508,0.00030012803930242404,0.3665191650390625,0.23258371508680284,0.36617735280123737,0.23324787095386734,1.572723120695625e-05
16,1.026,-20.67541863245353,-20.675284248522004,0.00030469710523813156,0.36721679687500003,0.23326949987411497,0.37057361290261603,0.23254438422819662,6.499695793972785e-06
16,1.024,-20.6541974114517,-20.654164748415347,0.0002976193904573206,0.374217529296875,0.23161956596225503,0.37499064006782434,0.2318075850932193,1.5814236546292867e-06
16,1.022,-20.633039856041492,-20.633092023043325,0.0004136333740697433,0.3798651123046875,0.23218763439320028,0.379427325137247,0.2310374007765823,2.528323610914522e-06
16,1.018,-20.590917030739668,-20.591153308186186,0.0004168504256770807,0.38987121582031253,0.22892038746736945,0.38835509268320983,0.22939678238031222,1.1474838452585504e-05
16,1.016,-20.569952381806512,-20.569524268924958,0.00039328843566079747,0.39006591796875,0.22952552055716513,0.39284382107859817,0.2285264022889918,2.0812536344656374e-05
16,1.014,-20.54905263973807,-20.549319560711112,0.0003626213606176488,0.39731201171875,0.22672171759009363,0.3973475020317946,0.22762274652489686,1.2989453953089163e-05
16,1.012,-20.528218090167904,-20.5280617784996,0.0003588744390740503,0.40008178710937503,0.2264589166507125,0.40186489906323286,0.22668594643284012,7.614478159735718e-06
16,1.01,-20.507449008245917,-20.507036826562107,0.0003789099705074773,0.40593872070312503,0.22512800063937902,0.4063947547538746,0.22571617607911992,2.009912025841634e-05
16,1.008,-20.486745658351587,-20.486976685743663,0.00037005165800993,0.40942260742187503,0.2241202598795295,0.4109357924460362,0.22471365260660373,1.127692001103205e-05
16,1.006,-20.466108293821254,-20.465898506413065,0.00037481676035210684,0.4137091064453125,0.22381776718758048,0.4154867180182335,0.22367863646096922,1.025047875133488e-05
16,1.004,-20.44553715668743,-20.445452856803925,0.0003731581125038365,0.4170025634765625,0.22299561132155363,0.42004622172909034,0.22261143148412965,4.1231434937589225e-06
16,1.002,-20.425032477432303,-20.424859789179873,0.0004299840315436493,0.4256744384765625,0.22190262130461633,0.424612980124741,0.2215123848716748,8.454735757263726e-06
16,0.998,-20.384223355363954,-20.384568782859176,0.0004765480048898899,0.43399169921875,0.21856984514594074,0.4337629104331362,0.21922037106439118,1.6945825661378353e-05
16,0.996,-20.363919313760935,-20.364128024351842,0.0004201037984269414,0.44038269042968753,0.21566284793280066,0.4383433848086641,0.2180283126983596,1.0249038394422464e-05
16,0.994,-20.343682532075693,-20.343994132257123,0.00046265281190855105,0.4426544189453125,0.21575796260498464,0.44292572295279825,0.21680622928868173,1.531680318637206e-05
16,0.992,-20.32351317989286,-20.323205339000793,0.00041544119685662584,0.44629821777343753,0.21460497966967523,0.4475085632423305,0.21555467927244304,1.5147031388797651e-05
16,0.99,-20.303411414107142,-20.303160034013857,0.0004237506304289252,0.4514984130859375,0.21354313439689573,0.4520905427586221,0.21427426124628357,1.2381175170918747e-05
16,0.988,-20.283377378795844,-20.283397958617016,0.0003923844686621022,0.4557110595703125,0.21240753882788124,0.4566702994523079,0.2129656129475288,1.0146151100637364e-06
16,0.986,-20.263411205111034,-20.26367194565534,0.0004192324048945559,0.45880859375,0.21158818016052247,0.4612464743148712,0.21162941010219577,1.286755431583196e-05
16,0.984,-20.243513011190014,-20.243252980184916,0.0004122442179786381,0.4646319580078125,0.20924577518962328,0.46581771354883383,0.21026636514407068,1.2845152170684705e-05
16,0.982,-20.223682902086736,-20.223785987109107,0.00045293718161386375,0.47003051757812503,0.2071651846155524,0.47038267072848117,0.20887722580981827,5.097242815255328e-06
16,0.978,-20.184227292860953,-20.184140697623512,0.0004045246263675521,0.480211181640625,0.20375696223825215,0.47948840291665845,0.20602382222208832,4.290242880477926e-06
16,0.976,-20.164601937092108,-20.164585924653803,0.00042807834554510076,0.483194580078125,0.20372362034171823,0.48402654108902154,0.20456121569419589,7.94086506394865e-07
16,0.974,-20.145044954852946,-20.144898815284964,0.00043716822168171675,0.4892144775390625,0.20179605653844776,0.4885531276636122,0.2030758266642095,7.254367925644496e-06
16,0.972,-20.125556385455134,-20.126031952128486,0.00045213204871284555,0.4906396484375,0.20170773293972016,0.49306688460079706,0.2015685544060138,2.362998886804812e-05
16,0.97,-20.106136255139237,-20.105969181467806,0.00044563427375943915,0.49651977539062503,0.2001209446772933,0.49756655355842205,0.20004032282931228,8.309586153743438e-06
16,0.968,-20.086784577146723,-20.08659621766175,0.00035904524023029123,0.5012554931640625,0.19905985562168063,0.5020508977692102,0.1984920784033472,9.377284067021816e-06
16,0.966,-20.067501351812755,-20.068220999949858,0.00037869063715493417,0.5044427490234376,0.19835687941275537,0.5065187038492738,0.19692478801962104,3.586137229975704e-05
16,0.964,-20.04828656667752,-20.048510472312948,0.0004307831417563238,0.5087823486328125,0.19699730272553861,0.5109687835317029,0.1953394368035124,1.1168317785421132e-05
16,0.962,-20.029140196616463,-20.029546338804735,0.0005313325227921782,0.5171649169921875,0.19178651186488568,0.5153999753191751,0.1937370258851316,2.0277564802324348e-05
16,0.958,-19.991052538808034,-19.991647604841525,0.000490513532100906,0.521192626953125,0.19085549902766943,0.5242011923790987,0.19048509590628243,2.976661845769104e-05
16,0.956,-19.972111138917608,-19.971913358612596,0.0005402027843110076,0.52802001953125,0.1884128765523434,0.5285690421498732,0.18883763870034354,9.9028241749729e-06
16,0.954,-19.95323793019979,-19.953209122376357,0.00045340585344672257,0.5312835693359375,0.1868931949790567,0.532913655686772,0.1871772409216631,1.443766847975844e-06
16,0.952,-19.93443282678803,-19.93421059416357,0.0004929557652383952,0.5352154541015625,0.1858138573881239,0.5372340269721624,0.1855049495762916,1.1148178951976888e-05
16,0.95,-19.915695731299152,-19.91570050833543,0.0003614653864834577,0.54032958984375,0.18433574342131617,0.5415291847246957,0.1838218140173321,2.3986288714741727e-07
20,2.0,-42.54177661383872,-42.541961254697526,0.004295273259727469,0.00053515625,0.11569502610778809,0.00036707848503789647,0.11572936860362536,4.340224445281703e-06
20,1.98,-42.16837144441999,-42.1682195346948,0.004248584558594884,0.00049755859375,0.11590610009169579,0.00040649874733974774,0.11613452214249506,3.60245653286148e-06
20,1.96,-41.795540643273306,-41.79605207948421,0.003162273713876693,0.0009609375,0.11666548284912111,0.00045063701757827536,0.11655675991124781,1.2236621492039279e-05
20,1.94,-41.423303484697136,-41.425758871559225,0.003825052517695592,0.00056005859375,0.11682634649062157,0.0005001177364997325,0.11699712062265785,5.927549605008072e-05
20,1.92,-41.051680140544505,-41.052439365703606,0.00428004008109532,0.00053125,0.11762530371093749,0.0005556561580977319,0.11745672740881549,1.849437481002894e-05
20,1.9,-40.68069173493697,-40.681005409153286,0.00442588179273562,-0.00051318359375,0.11809885773634911,0.0006180727860566568,0.11793679652174043,7.710641165071955e-06
20,1.88,-40.310360403206744,-40.311007006452996,0.00366993696357606,0.0,0.1184810546875,0.000688310308032505,0.11843864712587565,1.6040621810000353e-05
20,1.86,-39.940709355475505,-39.940466405728365,0.003531695552846899,0.00022802734374999999,0.11892035815978051,0.0007674534965052908,0.11896371234368232,6.082759947436176e-06
20,1.84,-39.5717629453233,-39.571133153660924,0.0033046907473058447,8.447265625e-05,0.11984794208312037,0.0008567526400581792,0.11951355174268097,1.5915178286262417e-05
20,1.82,-39.20354674406549,-39.20386741777562,0.002322795589090621,0.00046435546875,0.12017722578024864,0.0009576511849513237,0.12008986548446142,8.179711703675078e-06
20,1.8,-38.836087621208925,-38.837326306503385,0.002369786624439327,0.00163525390625,0.1205028923509121,0.0010718184084968362,0.12069451039434409,3.1895213198140916e-05
20,1.78,-38.46941383174736,-38.47073110876634,0.00224606476924455,0.00118603515625,0.12112330035185816,0.0012011881193986413,0.12132951825578851,3.4242191075180406e-05
20,1.76,-38.10355511103077,-38.10281932753743,0.0016994242092532473,0.00236474609375,0.1218089587571621,0.001348004593398162,0.12199711668757969,1.9310100886810194e-05
20,1.74,-37.73854277805632,-37.738167069237385,0.002074557209868517,0.0017314453125000001,0.12225950209712981,0.0015148772151868553,0.12269975302607819,9.955573036976579e-06
20,1.72,-37.374409848143245,-37.37449597350904,0.0022240894771035653,0.001203125,0.12354171655273438,0.0017048456217996545,0.12344012171115536,2.304393999725136e-06
20,1.7,-37.011191156100544,-37.01101255370959,0.0021332058841916635,0.00205224609375,0.12410447969222071,0.0019214575443043265,0.1242211957651857,4.825632068955768e-06
20,1.68,-36.64892349116555,-36.648307722438474,0.001145828482955673,0.0017001953125,0.12500394527339934,0.002168862043293599,0.12504626306198924,1.680182303912292e-05
20,1.66,-36.2876457451968,-36.28719727229676,0.0009722764154877402,0.0029355468750000002,0.12573982006454465,0.0024519214548707263,0.12591896820959797,1.23588315204752e-05
20,1.64,-35.92739907585535,-35.927212671391615,0.0012130066702012048,0.0036171874999999997,0.12691855657958986,0.0027763461397667297,0.12684336101981625,5.188365106513961e-06
20,1.62,-35.568227086803105,-35.568212179105764,0.0010130980991739744,0.00291796875,0.127649102645874,0.0031488571003966286,0.1278239527110439,4.1912961545957975e-07
20,1.6,-35.21017602732399,-35.21000510494923,0.0009679417126411719,0.0036494140624999997,0.12893863490200042,0.0035773827522895167,0.12886578119018144,4.8543459318169515e-06
20,1.58,-34.85329501422614,-34.85342133257785,0.0011476951944223107,0.006005859375,0.12972193746566774,0.004071297675811875,0.12997448698395822,3.624287220462332e-06
20,1.56,-34.497636279449736,-34.49842138214561,0.0007089995038055045,0.005267578125,0.13101971355819703,0.004641713119647572,0.1311564016352073,2.2758159124644964e-05
20,1.54,-34.143255447523686,-34.143427767718535,0.0005709757735247716,0.0048486328125,0.13292043607234955,0.005301831492506452,0.13241865063393096,5.046976118437481e-06
20,1.52,-33.790211847910285,-33.79005250218441,0.0005210693615318128,0.00606689453125,0.1337433685719967,0.006067380210004579,0.13376927319258802,4.715736219518449e-06
20,1.5,-33.43856886842521,-33.43815463547071,0.0005878358457792167,0.0083525390625,0.1358134382162094,0.006957144246687303,0.13521736135511667,1.2387879281782037e-05
20,1.48,-33.08839435739867,-33.088642203854974,0.0005485455943627781,0.0062231445312500005,0.13682875294089317,0.007993621816852006,0.13677322096962471,7.490434671050361e-06
20,1.46,-32.73976108414015,-32.73943834438294,0.0005786552685473915,0.010682128906250001,0.13855786477828025,0.009203834072386749,0.13844855681615809,9.85773098281162e-06
20,1.44,-32.392747269743246,-32.393575353417546,0.0007369270439078501,0.010204101562500002,0.14029978256130218,0.01062032793239218,0.14025668342635053,2.556386055817012e-05
20,1.42,-32.04743720350576,-32.04765639112258,0.0005446160141823904,0.01254931640625,0.14205569825148584,0.012282421592833093,0.14221276146190223,6.839474103008204e-06
20,1.4,-31.7039219644673,-31.704061218696005,0.0005469684766023235,0.014439453125000001,0.14443896313095095,0.014237755409638208,0.1443340562679902,4.3923344519486185e-06
20,1.38,-31.36230027315567,-31.36250198984897,0.00017391939858308944,0.01853564453125,0.14672351972556114,0.016544227217931712,0.1466402092829898,6.43182073828715e-06
20,1.36,-31.02267950595773,-31.02280518148269,0.0004177261085019859,0.01814306640625,0.14924827054762843,0.019272411132405874,0.14915350255019114,4.051085430421935e-06
20,1.34,-30.685176914161005,-30.685254657775804,0.0005373883373933026,0.02109375,0.1518542724609375,0.022508582442024715,0.15189907866635596,2.5335886123992612e-06
20,1.32,-30.349921102245897,-30.349985063206404,0.00045559038452924153,0.026921875,0.15574708764648437,0.026358497319819086,0.15490504828683466,2.1074506352477837e-06
20,1.3,-30.017053836124425,-30.017053587218832,0.0004891370491597227,0.03222412109375,0.15811424273848534,0.03095210144672015,0.15820236704310242,8.292139341334517e-09
20,1.28,-29.68673227221436,-29.686685744207352,0.0005887098855243053,0.03792138671875,0.16151968327307703,0.036449358488095975,0.16182428123517226,1.567299714278586e-06
20,1.26,-29.359131722483195,-29.359427067072684,0.0004192469104697304,0.04359814453125,0.16605086194968222,0.043047380971127244,0.16580500839415524,1.0059718123840248e-05
20,1.24,-29.03444909732848,-29.034496327235537,0.00020603921406656833,0.05083203125,0.17050087022399904,0.050988979034431246,0.17017710811428632,1.6266851455998815e-06
20,1.22,-28.712907192532334,-28.71281476191332,0.0004971118872494444,0.06084912109375,0.17484884930586816,0.060572552890154285,0.17496667622524673,3.2191313263086293e-06
20,1.2,-28.394759996679134,-28.394494308056892,0.0005517961744662081,0.07108203125,0.18027761827087402,0.07216282644405882,0.1801850285342735,9.356959603588643e-06
20,1.18,-28.08029916604713,-28.080316457113657,8.371393932653428e-05,0.08705029296875,0.18532527383780478,0.08620105338632854,0.1858149293734486,6.15772161998321e-07
20,1.16,-27.769861695361435,-27.769792266602746,0.00023696099814244425,0.10089355468750001,0.19127693593502046,0.10321171340335356,0.19178878519362477,2.50014780233742e-06
20,1.14,-27.463838515481044,-27.463686195792107,0.00018238327590219325,0.1213330078125,0.1971663871526718,0.1237999540770836,0.19795600094830607,5.5461908156329096e-06
20,1.12,-27.162683130042844,-27.162497705946443,0.00019563843339898655,0.14541552734375002,0.20305539862608907,0.14862982913903341,0.2040380043235829,6.82642784267805e-06
20,1.1,-26.866918277498854,-26.866864723756592,0.000122576420910129,0.17768603515625,0.20911527056670187,0.17836820591951957,0.20957453170442628,1.9932968012552476e-06
20,1.08,-26.57713684724816,-26.577097526909782,0.00012243919848077003,0.21397802734375002,0.21277932178282735,0.213575805497581,0.21387691104529746,1.4794798477832006e-06
20,1.06,-26.2939911241094,-26.29381568877114,0.00015157527220437895,0.254974609375,0.2158135345115662,0.2545324287769469,0.21602486822468225,6.672069577877209e-06
20,1.04,-26.018163046605242,-26.018204909362247,0.00018526467617967847,0.2993134765625,0.21469991931056975,0.3010099684832512,0.21496448244387348,1.608982038044724e-06
20,1.02,-25.750310097123226,-25.75058639725772,0.00022327434286555415,0.35228076171875,0.20937414382910727,0.3520616680878398,0.20975678662950287,1.072997309362117e-05
20,1.0,-25.49098968636478,-25.49078852738603,0.00024808899093413546,0.40531103515625,0.19971212493681909,0.40595699467381985,0.1999473472190544,7.891375785159366e-06
20,0.98,-25.240578980127193,-25.240707301655203,0.0003389662370713064,0.4584365234375,0.1870273602285385,0.4603886890372264,0.18588663144353304,5.083937579669248e-06
20,0.96,-24.999218639906214,-24.998931440252342,0.00037471281642181874,0.51207666015625,0.16977602927947047,0.5129481688617553,0.16876087829870656,1.148834521626982e-05
20,0.94,-24.766805177947994,-24.7668499505223,0.00044722486120577247,0.56287890625,0.14987612596130373,0.5616712143647916,0.15024469120632158,1.807765433777494e-06
20,0.92,-24.543035051542734,-24.542706298613485,0.0004747117791606494,0.60489501953125,0.13249723019003867,0.6053872807305114,0.1319699545073673,1.3394958225780291e-05
20,0.9,-24.32747962533234,-24.327828717565353,0.0004774207187402656,0.64220068359375,0.11510533277297019,0.6437489242083968,0.11512121218057025,1.4349708164949391e-05
20,0.88,-24.119661769087536,-24.119846910072372,0.000400651178722906,0.6746567382812501,0.10086006283545496,0.6770233471652748,0.10031249938934614,7.675936197149902e-06
20,0.86,-23.919113858723467,-23.91882646697333,0.0004760625826812916,0.70549609375,0.08775123826599121,0.7058135419742194,0.08768592317354376,1.2015150387080133e-05
20,0.84,-23.725411473643184,-23.725894509443606,0.0003979320005016633,0.7322587890625,0.07688358927822113,0.7308299733326244,0.0770911525343648,2.035942773670817e-05
20,0.82,-23.538186929940238,-23.53780306032488,0.000481051252769182,0.75169384765625,0.06900626173949242,0.7527513567444059,0.06824497004910335,1.630837653304373e-05
20,0.8,-23.357129926461976,-23.356866448992513,0.0004051873879955361,0.7716928710937501,0.06098962442183495,0.7721613071268754,0.060835794626791756,1.1280387200523435e-05
20,0.78,-23.181981658046244,-23.18227282582695,0.00036445527230596604,0.7888393554687501,0.054638428294897075,0.7895327401878902,0.05457785151551406,1.2560090202837807e-05
20,0.76,-23.012526602520172,-23.012470227066952,0.0005412179668176331,0.8070795898437501,0.04816013331389428,0.8052361735586313,0.04923186053852078,2.4497724301722484e-06
20,0.74,-22.84858428206217,-22.84896027336952,0.0002964094151201279,0.8186850585937501,0.04497889592909814,0.8195569149418549,0.04460751950754272,1.6455781360863917e-05
20,0.72,-22.69000202714516,-22.690342471230835,0.00023652353633832492,0.8310859374999999,0.041322922302246094,0.8327133530215107,0.04055788324630157,1.5004145229645607e-05
20,0.7,-22.53664905291947,-22.536258059351532,0.00018182271459825993,0.8439492187500001,0.03735186460876465,0.8448730446180376,0.03697123461424184,1.7349232666249168e-05
20,0.68,-22.388411806826493,-22.38836670297023,0.00015453961608353668,0.8562993164062501,0.033779508065938955,0.8561656422884022,0.03376311587684782,2.014607228574244e-06
20,0.66,-22.245190405203726,-22.245225935541242,0.00010485329899576439,0.86738623046875,0.030739857661962508,0.8666927701670714,0.030869557051029374,1.597214358222109e-06
20,0.64,-22.106895943031784,-22.107069878224284,0.00015273725045864337,0.87705859375,0.028104746566772466,0.8765353424600268,0.02824173023656101,7.867915647129403e-06
20,0.62,-21.973448475961764,-21.973216872469855,9.899053024336525e-05,0.88637255859375,0.025751597528219223,0.8857588883470658,0.02584191019836041,1.0540152227889181e-05
20,0.6,-21.844775506469027,-21.84471965952762,9.353602620480175e-05,0.89541357421875,0.023569589698553082,0.8944173876884356,0.02364050500911233,2.5565353780279735e-06
20,0.58,-21.720810841512552,-21.72108767548729,0.00012009226091794475,0.90266455078125,0.02173352516913414,0.9025560241425286,0.02161391078533029,1.2745103152805605e-05
20,0.56,-21.601493721054595,-21.601473264919477,0.00011964327260390072,0.91008349609375,0.019820002794027326,0.910213165136834,0.019742976949219015,9.469778054428577e-07
20,0.54,-21.486768143085314,-21.48658775357879,0.00011058937432030051,0.9175043945312501,0.018026213359594347,0.9174217958002402,0.018011912181797242,8.395376416027185e-06
20,0.52,-21.376582331293793,-21.37654198572782,6.38703055271672e-05,0.9246352539062499,0.016301112077474596,0.9242105694614626,0.01640750289864357,1.887372141582105e-06
20,0.5,-21.270888306919336,-21.270738293191243,4.623596188781177e-05,0.93091162109375,0.01483255761885643,0.9306045891047887,0.014918550856239393,7.052537060395929e-06
20,0.48,-21.169641537576744,-21.16973401234252,6.485445391756086e-05,0.9367084960937501,0.01352065037703514,0.9366259992654374,0.013535463525425655,4.36827263283687e-06
20,0.46,-21.072800643904774,-21.072845887467338,3.278723725322977e-05,0.9422875976562499,0.012240274709463119,0.9422944431557291,0.012249950933057363,2.147012318320134e-06
20,0.44,-20.980327150551116,-20.980242759646718,4.868944547057046e-05,0.94755517578125,0.011059403693914414,0.9476274226584745,0.01105479708993343,4.022382672699095e-06
20,0.42,-20.8921852719462,-20.89225392942033,4.4075820044384313e-05,0.9524804687499999,0.009978417587280275,0.9526405870706866,0.009943684224286216,3.286275381784294e-06
20,0.4,-20.808341726021165,-20.808448965824937,3.551756306975872e-05,0.957267578125,0.008941713558197022,0.9573479685073643,0.008911054983542357,5.153692936389011e-06
20,0.38,-20.728765570878792,-20.72866322911268,1.780874489959254e-05,0.9614599609375001,0.007986540389060975,0.9617621765003628,0.007952002467099532,4.9371857558234355e-06
20,0.36,-20.653428060698474,-20.653515509128482,1.8009579295141377e-05,0.9658583984375,0.007049390105247498,0.9658945607092667,0.007062181103687663,4.234087907896213e-06
20,0.34,-20.58230251803093,-20.58230707674356,2.007695694308108e-05,0.9697592773437501,0.006225244786977769,0.9697553482161265,0.006237733488046331,2.2148700944808036e-07
20,0.32,-20.515364220256792,-20.515451248728787,1.4890694969984184e-05,0.97326318359375,0.0055041856172084805,0.9733537602085324,0.005475229693499699,4.2421119635410905e-06
20,0.3,-20.452590298421462,-20.45260127974325,7.28641410006705e-06,0.9767246093749999,0.004772318691253662,0.9766981116990101,0.004771616520374948,5.369159419854174e-07
20,0.28,-20.393959646986385,-20.39401844568034,1.226695485664424e-05,0.97983203125,0.0041102452239990235,0.979795897110618,0.004124174783975576,2.883142605664005e-06
20,0.26,-20.33945284328221,-20.339435323056097,6.841760367198061e-06,0.9828178710937501,0.003492958039999009,0.982653863964655,0.003530483194067244,8.613912206764624e-07
20,0.24,-20.289052075642907,-20.28909633669042,1.0846003040261291e-05,0.98523486328125,0.00299751808142662,0.9852780764640489,0.002988387698878796,2.1815236783019583e-06
20,0.22,-20.242741079356033,-20.242765774330184,1.1743273154148293e-05,0.9877402343750001,0.002491690334320069,0.9876739704277611,0.002495975402252668,1.2199422031882241e-06
20,0.2,-20.20050507969159,-20.200479569271195,1.149360083918175e-05,0.98976953125,0.002065454696655274,0.9898464007679643,0.002051552339629126,1.2628605223442632e-06
20,0.18,-20.16233074137909,-20.162310837646547,6.014629927704586e-06,0.9918129882812501,0.0016465470578670499,0.9917996824906907,0.0016536245369944424,9.871741912340353e-07
20,0.16,-20.128206123994044,-20.128319229505287,2.1822762512561707e-05,0.9934946289062501,0.0013118793656826016,0.9935376260314683,0.0013008818833912983,5.619254420704536e-06
20,0.14,-20.098120642792498,-20.098169294049292,6.171191528498234e-06,0.99512744140625,0.000981043329000473,0.9950635675970279,0.000992184435711323,2.4206868720992437e-06
20,0.12,-20.072065034601618,-20.072087883487292,1.6176525895441294e-06,0.99641015625,0.0007250036468505862,0.9963803950697165,0.0007265508430508305,1.1383425489493174e-06
20,0.1,-20.050031328431686,-20.050059193185007,1.2048380541545664e-06,0.9975561523437501,0.0004904143273830414,0.9974905699336911,0.0005031486364879356,1.3897610863686998e-06
20,0.08,-20.032012820531374,-20.031981255649697,1.2218272748737786e-06,0.9985029296875,0.00030029784297943104,0.9983961456006041,0.00032128617730549537,1.5757219187167475e-06
20,0.06,-20.01800405365017,-20.01801354649832,1.75030858586466e-06,0.9991391601562499,0.00017201286101341243,0.999098782442163,0.00018040609684632613,4.742155174299504e-07
20,0.04,-20.008000800320204,-20.008002864952697,2.951845075849001e-07,0.9996337890625,7.310807704925537e-05,0.9995997597757565,8.008009612282763e-05,1.0319034440371363e-07
20,0.02,-20.002000050004984,-20.00207216750406,8.249498397566519e-06,0.9999135742187499,1.7277686834335328e-05,0.9998999849964967,2.0005001496627982e-05,3.6055143933730046e-06
20,0.0,-20.000000000000007,-20.0,0.0,0.9999990234375,1.9531154632568358e-07,1.0000000000000004,-5.684341886080802e-16,3.5527136788004996e-16
20,1.05,-26.155119908120934,-26.15530458810681,0.00018483206021749634,0.27466552734375005,0.2163196879327297,0.2771215656238611,0.2159610936905953,7.060949692581569e-06
20,1.048,-26.127572728259178,-26.127519581106316,0.0001678601789419939,0.28105224609375,0.2161081701219082,0.2817991340304372,0.21584030389204237,2.034140462051849e-06
20,1.046,-26.100102798268086,-26.10029016864039,0.00016974179025337638,0.28182666015625,0.21711933909392356,0.28652785926802143,0.21568117116130242,7.178913192559688e-06
20,1.044,-26.072710775815292,-26.072784497740532,0.00017148645165002342,0.2897802734375,0.2155990728139878,0.29130668216281724,0.21548275372060297,2.8275512229593636e-06
20,1.042,-26.04539731121727,-26.045556544659863,0.00017481900656578377,0.29251171875000004,0.2160560350189209,0.29613446046150455,0.21524414591143287,6.1136883685192885e-06
20,1.038,-25.991008615078457,-25.99103734353134,0.00018700013295809806,0.30679541015625,0.21389054115080836,0.30593189705042545,0.21464294267922093,1.1053227409462505e-06
20,1.036,-25.963934639845757,-25.96409106564129,0.00017531910067422038,0.3124365234375,0.21373322350978852,0.3108988537134355,0.2142787549204097,6.0247338357712406e-06
20,1.034,-25.936941733359944,-25.93686824559908,0.0001807273314277515,0.31646630859375,0.21410737630629537,0.3159093632824931,0.21387120068334353,2.8333240526388395e-06
20,1.032,-25.910030496446016,-25.909962527498777,0.00019370823354058524,0.320767578125,0.21401226238632198,0.32096186867878956,0.21341961892036387,2.6232677436565246e-06
20,1.03,-25.88320151742593,-25.883079681984235,0.00018941959806453908,0.3251669921875,0.21309963031673435,0.32605473211490016,0.21292341016600969,4.707124101872761e-06
20,1.028,-25.856455371245517,-25.856701667031274,0.00020706979463729728,0.33232763671875,0.21226371296668053,0.3311862366131946,0.21238204057385665,9.525504645594695e-06
20,1.026,-25.829792618603204,-25.82968207961721,0.00024090184981411712,0.33584326171875,0.21203811215186122,0.3363545878684004,0.21179504581257472,4.279515040062309e-06
20,1.024,-25.803213805086926,-25.8033370956406,0.00020000369269562097,0.34201123046875004,0.21072275182700156,0.341557916458559,0.21116203478863085,4.778108440491112e-06
20,1.022,-25.776719460320226,-25.776890024272305,0.00023555823959260183,0.3473896484375,0.21026320559597017,0.3467942804060632,0.2104826931630261,6.616976700280082e-06
20,1.018,-25.723986210689883,-25.723902549830644,0.00024251266946597393,0.35809619140625004,0.20859299660658834,0.35735800149143104,0.20898416392217045,3.2522509751859952e-06
20,1.016,-25.697748277787458,-25.697935914858533,0.00024745043234768415,0.360037109375,0.2084957408103943,0.3626811398102879,0.20816475952164487,7.301693091825296e-06
20,1.014,-25.67159675597884,-25.67175147080593,0.00020041294723880933,0.366158203125,0.20815063122177122,0.36802888336955153,0.2072985960298302,6.026692790511433e-06
20,1.012,-25.645532082874794,-25.645613618492266,0.0002487651495543565,0.37032958984375003,0.20780941285490986,0.3733989778701569,0.2063857861854801,3.179330310185885e-06
20,1.01,-25.619554675416627,-25.619510393635355,0.00023868215451539016,0.3774501953125,0.20591552974605556,0.3787891189362601,0.205426534494813,1.7284368066564814e-06
20,1.008,-25.593664929194723,-25.59372221815365,0.0002530047669102429,0.38126171875,0.20528715806579595,0.3841969569486828,0.20442113845378615,2.23840388183408e-06
20,1.006,-25.567863217805066,-25.567908984585493,0.0002267472228357718,0.3883076171875,0.20365801474666598,0.38962010214381476,0.203369989341845,1.790011939511562e-06
20,1.004,-25.542149892248194,-25.541935429819542,0.00021995256285999438,0.3910654296875,0.203062946890831,0.3950561299544799,0.20227357257024775,8.396412579060814e-06
20,1.002,-25.516525280372296,-25.516525744454093,0.0002517146035685184,0.40121044921875004,0.2005771480939388,0.40050258656808346,0.2011324675712959,1.8187499743485892e-08
20,0.998,-25.465543390293238,-25.465789948021744,0.0002843254341138648,0.41243652343750004,0.1972265828847885,0.4114168593687088,0.19871897677628134,9.682013249313691e-06
20,0.996,-25.44018664770067,-25.43989297631616,0.0002614034352194592,0.4162880859375,0.19698333106899263,0.41687967419159977,0.19744821236610605,1.154360180522428e-05
20,0.994,-25.41491968925427,-25.414762556000845,0.00032023091006702414,0.41941943359375006,0.19608216294264794,0.4223429272514328,0.1961359989718371,6.182716897998829e-06
20,0.992,-25.389742720452034,-25.389477309490786,0.0002819228426919297,0.42887695312499996,0.19433702001571657,0.4278041074158301,0.19478336797243753,1.0453471867364997e-05
20,0.99,-25.364655921388007,-25.365108889500334,0.00028246680820862805,0.4341953125,0.19342091497802735,0.43326071052442466,0.19339143422583785,1.7858239974994497e-05
20,0.988,-25.339659446575855,-25.34002664598747,0.00027196949176164155,0.4387490234375,0.19267488037014008,0.4387102455916888,0.19196139271631907,1.4491094972722712e-05
20,0.986,-25.31475342483533,-25.314546609804818,0.00031360186562862753,0.44252978515625,0.19187061190581325,0.44415024096324734,0.19049451478664012,8.169743036481152e-06
20,0.984,-25.289937959237854,-25.289576603109424,0.0003357199005516873,0.44714550781250006,0.1907380432806015,0.4495782503903162,0.18899214397934838,1.4288533606216116e-05
20,0.982,-25.265213127114944,-25.265433785483648,0.00037473692681430713,0.45621777343750003,0.18712823382472993,0.4549918589870767,0.18745569151567293,8.733683250322325e-06
20,0.978,-25.216035544395012,-25.215783325235144,0.00031068211772097116,0.46688867187500005,0.1841483665122986,0.46576640561714855,0.18428649548925966,1.0002332024975244e-05
20,0.976,-25.19158282068874,-25.191509430820588,0.00036682775396721463,0.47432421874999997,0.18079173081970218,0.47112272200441685,0.1826568676504037,2.9132694310953034e-06
20,0.974,-25.167220784677816,-25.167506964715617,0.0003051938726800459,0.47651806640625,0.17956832535719872,0.4764554048428228,0.18099937856884057,1.137114186143696e-05
20,0.972,-25.142949387237678,-25.14322954926142,0.0003273260589046923,0.48198046875000006,0.17783037461853027,0.4817622790370705,0.17931569972522982,1.1142766881766233e-05
20,0.97,-25.11876855481278,-25.119061091908005,0.00027405544029387286,0.48361621093750007,0.17738723551845553,0.48704123235283553,0.1776075374969316,1.1646155924603077e-05
20,0.968,-25.094678189831697,-25.094741825159815,0.00033658018058029915,0.49039746093750003,0.17567888499355316,0.49229021970029596,0.17587662712221566,2.535809689873766e-06
20,0.966,-25.07067817117552,-25.07108284056374,0.0003533957880803882,0.500833984375,0.17331336697006228,0.49750726708269877,0.17412472661357456,1.6141142471613873e-05
20,0.964,-25.04676835469351,-25.047260806225413,0.00035390085745977884,0.5045,0.17269771875,0.5026904751940224,0.1723536106625843,1.9661280247054763e-05
20,0.962,-25.022948573765436,-25.023331515073878,0.00040580565835027335,0.51016943359375,0.1695622076203823,0.5078380226526142,0.170565064578242,1.53036045017716e-05
20,0.958,-24.975578343410607,-24.97536670521101,0.000370331491552897,0.51844140625,0.16625581297302247,0.5180192564902724,0.16694284051527614,8.473805758899595e-06
20,0.956,-24.95202745403461,-24.95163877852884,0.0002924376954816878,0.52432080078125,0.16450107677435874,0.5230497135698474,0.16511273294495207,1.557691079361679e-05
20,0.954,-24.928565721708647,-24.928340328390608,0.0003436446151731552,0.5308310546875,0.1626773757543564,0.5280380552086058,0.16327232478554174,9.041567836514343e-06
20,0.952,-24.905192877281834,-24.90509373577923,0.0003078269296435202,0.5283857421875,0.1633458121404648,0.5329828849236697,0.16142336738442126,3.980756266141571e-06
20,0.95,-24.881908633290706,-24.882060678537165,0.00039087992416152824,0.531294921875,0.1625655497398376,0.5378828955973743,0.15956758914942923,6.1106745748405016e-06
